,0,1,2,3
0,0.3065889855443635,0.013134347248353074,0.253709820828988,0.48767052976122494
1,0.39875841217838465,0.06816920523489284,0.5140180093048379,0.5000914920348419
2,0.2938741893313009,0.010586673952516407,0.12450690023040785,0.4919077109086274
3,0.4336344627911604,0.8483287224613647,0.5038368516381181,0.4945048430459915
4,0.4556325342282092,0.9669219598387534,0.5643192102742488,0.49346891676284343
5,0.37752905554892247,0.03338495984490127,0.39032493343608604,0.4953427380099576
6,0.3936972348889208,0.9551365413831859,0.43686192297602083,0.4886176281581271
7,0.2747041123881703,0.01399141486201395,0.16308424906597274,0.4794087204088429
8,0.3104329612164997,0.02297595446374842,0.17598136233395203,0.4866322526347974
9,0.4164179108206189,0.9219135421930038,0.5942747274135545,0.49370964092689795
10,0.43330012417573605,0.13199372806495063,0.3369846213530106,0.49830274923039664
11,0.43068694206484204,0.942110003167185,0.5483626722349672,0.4952908541804752
12,0.32195354880187677,0.01643861547567892,0.09287818441086436,0.4904967962242255
13,0.43121167213578687,0.8465268484245152,0.49016597164234366,0.49819201588820045
14,0.4591017836868796,0.9536784690771954,0.4616718467049251,0.49512272061204493
15,0.4350636593581194,0.981535830194371,0.6315958144986176,0.5008519427303992
16,0.48939839238543187,0.9802504046014247,0.5662026704120607,0.5013243118591914
17,0.38682012207724426,0.9480892640870123,0.38843920604720134,0.49907956792462277
18,0.2743640559604525,0.016953327178733005,0.13631657150502857,0.48396140098386137
19,0.32370467825032095,0.029098748663213294,0.17064092240213521,0.49236472336621206
20,0.41515176273378507,0.4607185189284996,0.5081655455895852,0.49728714912151606
21,0.36185655697642666,0.9462029808373825,0.7035166179305559,0.4859360843456237
22,0.3697984133143094,0.04815058821362377,0.2690381768785776,0.49411521046218915
23,0.32716120444997443,0.02559277069691983,0.19783387725800658,0.4889410322686948
24,0.28191177435692777,0.027503167133690762,0.1866432555799696,0.48998215710792764
25,0.3765984953100326,0.019835748886225236,0.1689896981155695,0.4905128882490869
26,0.4048986229457784,0.040828995423022034,0.41911500399413687,0.49497241815792303
27,0.3346876866228778,0.06523656507003343,0.544648804017175,0.495306173016537
28,0.4332833790528599,0.9612539027306178,0.8226622960881559,0.498275304986023
29,0.355546746178519,0.017562406275827964,0.26305314932039237,0.49658271293280853
30,0.33772877756638736,0.024886953339263423,0.11087097948141592,0.490781845022547
31,0.40104174457666175,0.91297862149157,0.5686799374602745,0.4959148563230648
32,0.44741511765916847,0.9620283012103353,0.6411648597514614,0.49843585622182474
33,0.36762138679942974,0.03366782708893644,0.22627783410574,0.5001966141901389
34,0.3043675531437072,0.002428049621026493,0.14227671988654228,0.48464032179915933
35,0.2963309477773033,0.07035503327257364,0.26726436055560515,0.48917184493672183
36,0.47116362179556126,0.9797727795161623,0.6990778313145825,0.502136142159502
37,0.3606228876325785,0.09091387562414803,0.11761504265106203,0.49627362203554987
38,0.504301901352736,0.9857277855026765,0.6999436065834781,0.5017755408896367
39,0.42890614549225375,0.9040129590314969,0.5647284913321209,0.49436355124467074
40,0.43402394291476903,0.038877309481594,0.5744852269699078,0.500689869477133
41,0.4466394382955074,0.9613893931038051,0.8940662838057664,0.4964811421913462
42,0.47026383232129926,0.947813409905319,0.7205625650059062,0.5008151233310779
43,0.3552098774443603,0.08612672029409164,0.30492259855125253,0.491509279308821
44,0.29111307333608716,0.04368520264980334,0.22500864627653702,0.4810157259723056
45,0.4272069148581895,0.9256361373091422,0.6156344910469044,0.4961946426491287
46,0.3581536229654096,0.9269728610160791,0.43693673585504517,0.493018503102653
47,0.3737376516257738,0.03232968275646979,0.14415582327385082,0.4959512755516422
48,0.4360864366757741,0.9477798462835508,0.45755011200650386,0.4953741342006698
49,0.33972412938847624,0.03116450255957757,0.228978685856,0.4928730098572256
50,0.38333899422756007,0.9494689399920755,0.5373381770349331,0.48672023120190516
51,0.3925261081363915,0.905685943005235,0.5248692683907001,0.493434392374644
52,0.35480878520088505,0.0972662028825535,0.3531058325767994,0.49421995706000194
53,0.4363739744863354,0.8572293704389673,0.6894772327851381,0.4956183452086104
54,0.3848150849886175,0.09937858191292105,0.27707789632212837,0.4972564829922809
55,0.380257131954071,0.9320816481213514,0.4095309249073354,0.48777249144350565
56,0.4313434349005894,0.8934923748796233,0.6395830467770907,0.4945269375706576
57,0.5131751296841484,0.9687832947278507,0.7418319521645863,0.5013257798986204
58,0.29372014453583617,0.0260394211773118,0.18799872491370823,0.4895600636669162
59,0.24964120369923637,0.0018828564923673344,0.03422720227685261,0.48337281684575095
60,0.364729897008689,0.14355161581305326,0.15746557387918997,0.49377497279016386
61,0.3548973930686833,0.02737741056150614,0.21399000724205658,0.4942769328899861
62,0.40572835280018765,0.9289428200283728,0.4521824579902187,0.49363048798050047
63,0.4867895061924902,0.9097684292709451,0.7435057800575182,0.5040298071238213
64,0.26945296546333103,0.028464019318075167,0.13982285853775528,0.4865402718710915
65,0.44717990529808843,0.9178360024397825,0.8109235098000026,0.4979224508578351
66,0.3685515068007866,0.8610875623490595,0.39916772850657783,0.47937493816262766
67,0.3690424608624721,0.025508258563819844,0.300558941535451,0.49305606926183826
68,0.39004020247888804,0.023933100010002907,0.16471675215984727,0.49572832552216817
69,0.2990926209992962,0.040763777227098515,0.23283357415741734,0.4886303879292369
70,0.4028847875370571,0.031417768415012585,0.5154162825997732,0.49413775737272003
71,0.3331969754597246,0.056535520807321736,0.0834414508699547,0.4939551717341109
72,0.28889690810937657,0.03126602020067512,0.16584828703181378,0.48514922486342466
73,0.41129959573616515,0.11015107627009041,0.2534965809158225,0.5001799408209265
74,0.36928338378474707,0.01883444723909108,0.28453734272877335,0.49782452736466704
75,0.4533424821320881,0.9454179487673768,0.6512737497685562,0.49985722400769805
76,0.3235592675577758,0.03913342433246236,0.15033410513084647,0.4860185110790061
77,0.3703218254770428,0.11159194608997715,0.47917418436092984,0.4996232744782301
78,0.39035501140218487,0.8993651486153994,0.4108316706846784,0.49813007777236523
79,0.42306905387707205,0.908079377406909,0.475169492479259,0.4963609137110455
80,0.28241354774368593,0.006879460828962613,0.13547662191236057,0.4429295322067764
81,0.3896759070329259,0.02988213408002631,0.13909255254440195,0.4943415380931064
82,0.33286046702655325,0.0213211722683336,0.1359414169961464,0.48700056782559725
83,0.407707818072533,0.9394221722725073,0.6525997922913687,0.4940924266316636
84,0.25310159730430937,0.02744378090275032,0.09662295730445879,0.4815302565200984
85,0.4922918275285565,0.993989234844066,0.8378307293312046,0.49798630570237185
86,0.3321323468334103,0.02699845707417056,0.24495978846127842,0.4886165287081456
87,0.3323403858521574,0.009351629140402343,0.14003983809117573,0.49369099496677105
88,0.40141902215191577,0.05015022670764907,0.19143630374247245,0.49603548111260126
89,0.37094091096937243,0.04543338743375248,0.2760632335822219,0.4964474215458975
90,0.2892723336696617,0.006024296252878364,0.09545807353739161,0.48573806570342637
91,0.30809549921534807,0.015984004466512356,0.06161411122269506,0.48683045188239654
92,0.3795810148464749,0.040256143065593365,0.18136318687291061,0.4927553408037315
93,0.43911924566827354,0.9679541072336154,0.6850041952397519,0.5011308481975228
94,0.4443949605374934,0.9369915666685861,0.87608135616329,0.5012311163691885
95,0.32632663525337224,0.009870182948006066,0.07854442698602185,0.4905850472354079
96,0.44715809027811004,0.933615958180075,0.7327181608474189,0.49748581468059705
97,0.4222313876382378,0.9568847247680464,0.736521267574249,0.4958124134051904
98,0.37473182288915247,0.01725358459739564,0.20792136331944197,0.493484815938226
99,0.3873445285052275,0.050125902195846575,0.31638715412528584,0.49513357471434283
100,0.4318905505618945,0.9432819813088271,0.48462709475004023,0.4961151807267132
101,0.3449697044407123,0.04241319998449419,0.26021543531279123,0.4899545511455731
102,0.2709449059952654,0.0008120043226969624,0.02898423942461123,0.47484976922969396
103,0.39617142081889023,0.8746597117040072,0.3869830249449724,0.4953894046711414
104,0.38861123549706017,0.9496248197275211,0.7332149545763078,0.4909397652468317
105,0.34472872395601506,0.10675163475338742,0.2728158742925013,0.4952929664989499
106,0.5134370094258627,0.9901591164961783,0.8151370323406893,0.4985532881036738
107,0.22411641153267048,0.009076175665134176,0.07202902036314479,0.4817671234033456
108,0.4076717374293619,0.10183482344879591,0.5552102081372151,0.4993429164568447
109,0.3750023785158775,0.045864967604610805,0.1619311707071297,0.4831682131658725
110,0.41214699888949774,0.05699742029721715,0.41668132758062004,0.5023655276721184
111,0.4762747486577764,0.9593985129123032,0.7907079082224017,0.4970588099499224
112,0.2851613872357124,0.01715162380114689,0.10390964266141214,0.48358370324829575
113,0.28416258563963626,0.0036187186426989925,0.1583701901237396,0.485851484171289
114,0.35946752648463,0.01726520156261386,0.22616418255140994,0.4865503818344053
115,0.3711959307200673,0.9369580797789133,0.5031557128983067,0.4851220131499174
116,0.362818854522377,0.0863704842514778,0.3520803444037541,0.4972284862530757
117,0.3339036468651927,0.002374565377253975,0.2135406325619252,0.4929405270143018
118,0.4553313212110552,0.9508846810028906,0.6278949077961692,0.4991550920605907
119,0.295724428843296,0.05155641004581695,0.273705881504017,0.4924382510567164
120,0.417685378890247,0.9591219293285288,0.7552584265275589,0.4999537169149127
121,0.42562037418951687,0.9429964613558198,0.5358750789026266,0.4965459381256343
122,0.43432709566666816,0.056050256061503115,0.48059384243256453,0.49869370140809266
123,0.2919313967797344,0.022678494943172915,0.2136847494695881,0.48532803575206895
124,0.3973238184354794,0.0708406613722745,0.3098761133503452,0.4953333607739131
125,0.4370031612175772,0.9642190211056175,0.47523289935709256,0.49236513037591256
126,0.33282642708687754,0.029279324062180312,0.3504353607284321,0.49612464610266926
127,0.37682429971706555,0.00793996046644373,0.3703560394713585,0.4984982060438052
128,0.46211039464385606,0.9596596152906327,0.6776102700963417,0.500820759047783
129,0.35874168953462215,0.008464748688492759,0.3387471584267399,0.4925633401607617
130,0.3993558329342898,0.9423339705175684,0.5970949138582998,0.492433023217427
131,0.3392721076811431,0.08115696001617188,0.12536200243290677,0.496679637205014
132,0.33374775622330605,0.00926003478155146,0.220437649706342,0.4889852591883731
133,0.3431392604842726,0.020588855467060997,0.296465321788496,0.49229684641826915
134,0.26911706321159523,0.0062687138830426975,0.13073501553063654,0.4851184440157882
135,0.32129747948394555,0.006530905578587232,0.2829711551287872,0.49227519666855424
136,0.27983115470656644,0.031281097536972044,0.08823934231348474,0.4803644064353792
137,0.3613791903936734,0.03892209075282335,0.16360044290448755,0.49222084474243805
138,0.44817536193817825,0.8969153147357228,0.7816797060802196,0.5005548131985965
139,0.316368006953452,0.0237358283238731,0.37984301701182477,0.4881522857316842
140,0.3504699247389834,0.059976877930211905,0.1972347700787617,0.49062349586788234
141,0.48656329083617356,0.9897281010995672,0.7874077635314541,0.49870344241995385
142,0.261019175644933,0.032178421117403364,0.21268195777062393,0.4802965769734
143,0.4304535855836755,0.9615284166012213,0.5757332135036061,0.490506597359023
144,0.4743799015694858,0.9849670348454943,0.5233400315195651,0.49644427768028376
145,0.38672863163609184,0.886663317197533,0.6451406652773961,0.4920932602010829
146,0.34220193210633404,0.016878818036220513,0.08067395823673731,0.4924559200640425
147,0.38239352567977614,0.9517134650925781,0.42057080685132253,0.49606648889390675
148,0.3734559688739344,0.030964495046519054,0.3546210894386355,0.4963551682451461
149,0.4195934706505571,0.18352503825183347,0.2693295343325739,0.4967015315333455
150,0.42505743043741206,0.9588442993730946,0.6752039452435574,0.49640658825435713
151,0.3929881483675387,0.03250988696647967,0.3134303642966284,0.4909531099019058
152,0.3297266933019064,0.0061734788872091365,0.25663721153636276,0.48974993901896874
153,0.3754324098221944,0.026832181222751914,0.2072066591555049,0.4922182700929818
154,0.2658850811289892,0.018769299322425607,0.07925778739472521,0.48541224374066044
155,0.48742849802867233,0.9886993304143913,0.8721532774470129,0.4961869568897501
156,0.3170540363789735,0.022097538242534145,0.29876129051276973,0.4920503770452718
157,0.34930777236126526,0.03700545336908295,0.26451844570228694,0.49008934758053885
158,0.3958463298386711,0.8747802067616961,0.27116317321843947,0.4882494282196677
159,0.4357665779271855,0.9561344921629524,0.6100453021983085,0.49405618320416217
160,0.38972054916487003,0.9446226461857283,0.5973352195298743,0.4931972559347284
161,0.45054701524759827,0.9863488410731663,0.610738322036895,0.4992293368187534
162,0.2871113071846033,0.008509552451063957,0.2833159171327075,0.4897396825463398
163,0.38617381363722225,0.05911697866146958,0.30004220259216446,0.494557952900742
164,0.4066249725545203,0.06695208253318569,0.4601787855310537,0.499229225120419
165,0.3946003556592753,0.119419008692238,0.16608630272835762,0.49294914618635904
166,0.2738084965537147,0.003201574048719731,0.1341722263133091,0.4836269897011113
167,0.2187467617512042,0.011609787645758025,0.060414434692458115,0.4797127486233715
168,0.5437655137090188,0.9908181388476768,0.9208286889362297,0.5444276215407508
169,0.3337894926791687,0.026835691744132775,0.3181216375263428,0.4972602949039053
170,0.23610554274801904,0.009038801397418061,0.22747984678095023,0.47684559780410785
171,0.3113973114986329,0.011178656710621031,0.17046797831268126,0.4862102667632347
172,0.4025992663938883,0.04472824284495213,0.3531840004222323,0.4964882833901193
173,0.42638698849297135,0.9831410933361259,0.746121087188957,0.4995284609668366
174,0.2691262323254017,0.005457149094502944,0.14907232381960517,0.4850089690486075
175,0.3762029491497081,0.03383464025315088,0.34645383787146905,0.4960023411410548
176,0.4823087697649924,0.9913773185094717,0.6685702228018169,0.4926951617457915
177,0.3161436511538958,0.006662121770379595,0.04916336400080399,0.4492893804646588
178,0.35661281349783003,0.020643181952841934,0.25102935251634106,0.4912952324202129
179,0.3159206180805728,0.01520852370373743,0.19269545258743537,0.4906674445806964
180,0.23206902373717064,0.0011934913702622476,0.07070252351745364,0.48170501882503036
181,0.44193779072044204,0.9293397133341709,0.6812854744493978,0.498521358100851
182,0.32809926123324495,0.8632853003758968,0.3300581509233378,0.486204157880387
183,0.3074082849683609,0.013154941649082095,0.15812099102616473,0.4911587382801118
184,0.23266355834574948,0.05390414088530457,0.039198064737777684,0.478304571195565
185,0.3721449007115221,0.15371240716359102,0.47791844666736727,0.49845461972101396
186,0.3707757776306565,0.04760298162070588,0.25615808168857057,0.49690424399051925
187,0.34009982531784433,0.008957611584540975,0.08709600781533999,0.4913132488187089
188,0.34154999639801303,0.03785544522331225,0.1674435132475778,0.4964860755443616
189,0.40906439632887087,0.01653954972240949,0.2363661856288039,0.49828874705029025
190,0.39136861478038043,0.07105041565401957,0.4079939710298021,0.4986332064132046
191,0.32091568205732757,0.0508506646181742,0.23509444611208624,0.4881417890011041
192,0.29193043366038907,0.00048803848423027474,0.13627286998438334,0.48432093043413044
193,0.27683246050501903,0.02779445068542878,0.1184915411514697,0.4802618938766786
194,0.45077843527223055,0.881335677371981,0.756545990349539,0.49826612888890326
195,0.268743381592728,0.005360096058281445,0.11038805227919123,0.4841662746880097
196,0.39240501548777684,0.893059670836833,0.41958591397390466,0.49586830480353405
197,0.4814365748390667,0.9551558316615254,0.565302272526966,0.5018990484354242
198,0.4032650787355021,0.9770638227997103,0.6200274877431914,0.4942647127207328
199,0.4304825141373447,0.9763235792962048,0.6259745942209848,0.5059906954327567
200,0.4152079645713902,0.881539027427436,0.5351641887111098,0.4930122587857409
201,0.4305794439624306,0.9791203807509431,0.5771590536970531,0.4948931003046022
202,0.37186253931215524,0.924159505451931,0.5243479561084071,0.4895446870332677
203,0.28604574925062876,0.010317804075595646,0.19642479541661245,0.48822051156550506
204,0.2967777221316166,0.07157982651518435,0.3507071270797996,0.4902425600873841
205,0.25005695842521664,0.03664886317561684,0.146016162150451,0.48221427815174994
206,0.46376679826440614,0.9896189859662863,0.7479905315300531,0.5297911764873571
207,0.3342576816311304,0.01880814383395852,0.1483163833754523,0.4512821461684879
208,0.5149854348155246,0.9738179733037765,0.6787926002425906,0.49583233710412505
209,0.37507548440206406,0.0539842048903588,0.2299296268708038,0.49551713103659156
210,0.2720007039682177,0.06666933408039061,0.108881901479272,0.48587505604917813
211,0.4238071344913839,0.9476635380053484,0.6319028127669488,0.49765876387394115
212,0.33199040923518885,0.930663933527657,0.5469574006734017,0.4871724848621238
213,0.3841807888085341,0.08289708043281825,0.47728875332859727,0.49914418271519295
214,0.2904959474947151,0.01370109688076317,0.1400071232723723,0.48996781535513745
215,0.324783826874979,0.08428471893591152,0.2692040267511313,0.4929311005878611
216,0.4235130138509049,0.971385511326856,0.7664824061834274,0.4985735303557062
217,0.37324429063656306,0.009884114378085241,0.28986779843374316,0.4918584519996072
218,0.33711077925668304,0.04078010068116013,0.18695059330056676,0.4952179954711114
219,0.3879667481689523,0.982270642855053,0.3604347266150938,0.48851079823693994
220,0.2806171394138899,0.027177423350823172,0.402982845163205,0.48839379937554095
221,0.3909926310042349,0.045599602526004195,0.16697339989065887,0.4956260734495
222,0.4465920922632248,0.8325409235088755,0.640211500993822,0.4960855817232581
223,0.3117264545232959,0.013179309550946858,0.07799894909448848,0.4869006125148539
224,0.30499097518026125,0.020214514943219866,0.37271534801919814,0.48578729089765016
225,0.3734842734795606,0.039119384500282815,0.24204298804505342,0.49801971828451935
226,0.28019337081161877,0.005045365971644662,0.10116092486423812,0.48464560153624886
227,0.3851940846320161,0.21644248086197188,0.6622790123417515,0.4985266912964328
228,0.4131563408435251,0.9440937636940406,0.6552593006415234,0.4930643039011487
229,0.36160056314787725,0.08494585317543918,0.28274789954865215,0.49471314063734834
230,0.44851677071447066,0.9843884774797617,0.8369169402941135,0.49944602328888715
231,0.31862037903350493,0.024052699332311668,0.21682532506076338,0.4919349060190919
232,0.4069994020794833,0.9723745944287367,0.38577912349178195,0.4910481033324413
233,0.31096647461510074,0.008267270265324476,0.15024794040919337,0.49618180060667627
234,0.43139893674095253,0.9515224372209442,0.7526045716440964,0.4992581512201937
235,0.47020514672998664,0.9874552197179491,0.8019061302880992,0.49662263402493184
236,0.424234869844725,0.866998217715466,0.9019658336555214,0.4953757635498116
237,0.3244361272954489,0.025431951100101394,0.2526704239518705,0.4882511147877139
238,0.32958346504897745,0.0012714642624223839,0.10392842070140235,0.4807100251127233
239,0.324106626011733,0.0029846475461605296,0.048444100743358746,0.48612714722812816
240,0.38665925817022434,0.04849482599197758,0.183007827965666,0.49249168629219875
241,0.32202918452517953,0.02756548741936455,0.2177533959646342,0.48837802578381156
242,0.29424955444423373,0.008566217934464227,0.17106465360006753,0.4856553175576952
243,0.3040737139118146,0.07056189179144759,0.0942644587074655,0.4885504304098226
244,0.3956686948456475,0.019547118418950737,0.4204416972144533,0.4974795724846012
245,0.34657018166664083,0.034501250482219796,0.20535837610261948,0.49211553936110447
246,0.4482547708499203,0.9566941738571527,0.6499705571948979,0.49816863877516054
247,0.32104480905540345,0.036664452642514236,0.1556158486851715,0.4922147163940381
248,0.410114813083695,0.8841891728579867,0.43961031311234344,0.494813409194185
249,0.37263712707568486,0.0442177287580196,0.35683143002467865,0.4978693383854695
250,0.4033421391946005,0.964085183687541,0.7033772439005694,0.49510286522108365
251,0.24396945368803535,0.004439342530285859,0.04921230808117527,0.48107595538004855
252,0.3760305342203425,0.8996894667627715,0.3173326340633865,0.48936546472364556
253,0.23396812569430783,0.004310523114419835,0.1063710333343342,0.48441174831106587
254,0.3725238610156202,0.011151464504462288,0.22053102805306746,0.4947278113736886
255,0.35099731599037637,0.11286339577669925,0.46899155806138304,0.4907129372599446
256,0.3636061561362399,0.12975696022083383,0.4030523493596999,0.4930666412647913
257,0.4188423942198145,0.07905305432712871,0.4166907360671753,0.5003072870008488
258,0.3456577457202433,0.9475176454095756,0.37468517801485146,0.48491675672832907
259,0.4544530892272556,0.9857109667954866,0.573039465167364,0.49551600296628645
260,0.3289767070797576,0.041147815390581634,0.22655628554921484,0.49319772588758914
261,0.47778726207544947,0.9377607425102061,0.7975622990948994,0.4988783872366255
262,0.44548934456867123,0.9881884868583393,0.7761599347454627,0.4997369237840835
263,0.440177314427455,0.9206547807706558,0.5734334139581735,0.4992863225726931
264,0.3456052801830662,0.023758489343646026,0.2550110176614142,0.49800450415901293
265,0.33044737654809786,0.009768291643415566,0.09001413081064416,0.4510257696590682
266,0.4269980281960115,0.8470413941380213,0.5137192419860555,0.49598987170025916
267,0.32852007950501133,0.01971244094691478,0.26087234657755765,0.4902360202919744
268,0.3043978693235422,0.0021336244380753522,0.11942958298195931,0.4902076684039796
269,0.3172059255502123,0.058000467410356006,0.3622586314837974,0.49166821440429015
270,0.37033892385051737,0.8515104874319017,0.47409428388466435,0.49160042194941755
271,0.3189676773718712,0.03265012079060303,0.25910376929818674,0.4899442496051334
272,0.39059747964917535,0.08516228432565072,0.5857731987134411,0.4959290570335842
273,0.38263670594676147,0.9059879476539434,0.5857115185523372,0.49284731158651196
274,0.3986577710540753,0.9435401198095837,0.6834023430444824,0.4890801338986618
275,0.4210820400379262,0.9414729269792894,0.5622641649233344,0.4959002410487523
276,0.41127542301248565,0.9191304354783725,0.7704614441595466,0.4957967904975592
277,0.3570007518175639,0.9263614668341636,0.4343810168392255,0.4947775694183362
278,0.39824380139019405,0.984647717044262,0.636774584679367,0.48879911766761813
279,0.4854803977069427,0.9216490896431152,0.8148339563882997,0.49750373511491225
280,0.3581361874626896,0.8606636937542327,0.3000510020651322,0.49363870372842006
281,0.4250788023122158,0.9690611864898052,0.5228900001787188,0.4975298992864469
282,0.4127517516205749,0.12451251942945417,0.31890081389327757,0.5022556876514214
283,0.3467978185544574,0.004760840048424829,0.13855553269852502,0.4920802853252223
284,0.3580220194851142,0.055825429330793236,0.16134103085983842,0.4890383826732793
285,0.34771898476175317,0.010669209619795285,0.22336939235121445,0.4941691047059258
286,0.2523245257977024,0.0051381415852731465,0.07110778476100596,0.4774304902792083
287,0.36647912664312493,0.07622129718178564,0.19422892486905824,0.49278191790829845
288,0.2742956144646109,0.011432495996844433,0.18566036137441216,0.48953260220653105
289,0.45228336469345953,0.9676241255456687,0.847456989441758,0.4942903072567433
290,0.35563593438275165,0.02313730332618671,0.26171120433359124,0.48939847717535906
291,0.2375563894343336,0.0029527268661203505,0.07722786228393452,0.4822043818043214
292,0.4047398514053351,0.9031909603624474,0.6482906764228175,0.4879708603417992
293,0.35710634888702303,0.006531751651423307,0.17220411531162158,0.4886012796213317
294,0.377080740251539,0.040501231078567235,0.2817743022741806,0.4973289090374238
295,0.35282298458589756,0.001368697070337622,0.1502832055282819,0.44360189301329356
296,0.40595591405556664,0.9723351648333468,0.6386406118671504,0.49425183138921785
297,0.2556076340481305,0.00042923095966850694,0.06776867345561136,0.47694322693009206
298,0.37853879658533834,0.040604444472739525,0.37508938866856695,0.4895862243903093
299,0.3075994100580366,0.008427125144471623,0.5362866912604921,0.509063297276442
300,0.4489021370200635,0.9183696157302518,0.6192183704991826,0.4959766909554803
301,0.295433372453582,0.04755007390298557,0.10609756573868942,0.48744323660709127
302,0.3858141876752624,0.03799894756694866,0.16725114775679437,0.48892174367124874
303,0.3296209840924401,0.0691557801247321,0.26532586554971116,0.4930289288625712
304,0.34411132428538005,0.027473037965437503,0.2701844274217419,0.48312920212680094
305,0.36594664312251274,0.06134051282875144,0.2856127416612759,0.49536532318817567
306,0.41950407450298094,0.8504904698759337,0.48595748273994244,0.4965713309193299
307,0.4240260263384192,0.8270417453835438,0.500650612523163,0.4948278876557052
308,0.32438731267718796,0.06293033082069618,0.3677968205953881,0.49093718430592265
309,0.4200064970324279,0.8931755395162404,0.6307834484425248,0.4941107269702811
310,0.4705765342656006,0.8440056103880539,0.704145235509876,0.49978371088978946
311,0.30402883607898745,0.00749001364574327,0.1318909327150559,0.4851607900809427
312,0.4471392074231837,0.9315352402630169,0.47242060451852785,0.4983482186918433
313,0.4838159413058063,0.9633101158924728,0.6935855408458337,0.4998037873257646
314,0.3249771454140623,0.03024343946314093,0.1462811006743455,0.48317635250828683
315,0.3238148205000357,0.004510416822952217,0.11790224756900941,0.496089525738172
316,0.2598594387632929,0.0073360468924335105,0.15304499289330045,0.48035130157434197
317,0.37234546312767897,0.14641162691312376,0.2579656631779542,0.49604932303155563
318,0.3613693695987654,0.03484620826510746,0.23388060689548437,0.4911733868644079
319,0.3144625008957127,0.012089600899970864,0.3283763449414412,0.48399286847379736
320,0.3591126949935077,0.043133051403838836,0.3879952518966975,0.4909425078845191
321,0.4055334415953899,0.957277195976284,0.383404528308352,0.4892635674390009
322,0.40308543518086204,0.9356969422648896,0.6309434819163692,0.4938732761998684
323,0.37291869437513264,0.08006206230031761,0.35448900254035687,0.49690152380512903
324,0.18339804147650224,0.00012505314789884524,0.06817206823306414,0.46881699969501733
325,0.2372853842638665,0.0006850893731070272,0.15914913038105186,0.48119051430814136
326,0.46630882345878993,0.9206212943413402,0.545216712125248,0.4965022805542798
327,0.28175061008132973,0.05340623832759572,0.25862672239423534,0.48670428789507086
328,0.4894127820043188,0.9871071175293535,0.7825907675698724,0.5421018925947193
329,0.44680166844308533,0.8763232999547476,0.43506211267493633,0.4981451822631493
330,0.40036713311226996,0.9668580718150029,0.7466349638440053,0.508090002248021
331,0.35018310386491885,0.03552899019753849,0.2823496399310473,0.4915036280663367
332,0.35211276897801014,0.005730511808913314,0.2447224114594389,0.4900605117262596
333,0.3218529947398501,0.006430873524395358,0.13724380422920998,0.4835606090900968
334,0.24129250997186616,0.0030234620710689218,0.13706604530204497,0.47875090939118725
335,0.37823302358412336,0.015309232044372885,0.3303157170364997,0.49458253417421805
336,0.3165447031919067,0.03228447827325293,0.3140762746302565,0.48989768956035296
337,0.25042170960257204,0.003024496707371009,0.2513491612524183,0.47574918344865796
338,0.2805963191832392,0.005868222061533613,0.09372286094845997,0.4421848408953296
339,0.39235692132774,0.06270300700173428,0.19997034273569317,0.49344958758472107
340,0.2699117501783014,0.006043974686898629,0.13678842561439192,0.4822442363398121
341,0.3319039918696561,0.014727872174029799,0.11449088688157272,0.4791091846958676
342,0.4215440011178042,0.08301080908326393,0.439726567253312,0.5035687586698301
343,0.3405462257690351,0.9018026768699827,0.4701247250521592,0.4909974238491478
344,0.30745616336040826,0.01766339141529156,0.08400717281284864,0.4929850063634589
345,0.3170455521584863,0.028826222843911904,0.0975870099790978,0.4913101965629227
346,0.3657450571404128,0.9402526123360725,0.4941738134580741,0.49249374762873843
347,0.36900465384763875,0.06097932476352564,0.25043022121745634,0.4931232493828774
348,0.3941700214505698,0.8866327479715125,0.32662888342077934,0.49149383195108515
349,0.4101517688788935,0.9228660721449672,0.7920018873312958,0.49208694180358803
350,0.409464809473737,0.07920691427531128,0.2926758295803206,0.49394616433003946
351,0.4006391826497562,0.11523799526480887,0.31782390117397286,0.49910753842175365
352,0.29818036819286536,0.02371141936823192,0.1903834853941642,0.490574231131464
353,0.26920089011432413,0.014163705950605827,0.17048880147517845,0.484435478360094
354,0.47647213879811745,0.9460505847556273,0.8183296479999094,0.4977165983635183
355,0.3457481980102341,0.02108039853052729,0.18286598398730314,0.4956601825117297
356,0.2332185766452562,0.005522265799310322,0.03649158251648348,0.47928895585514436
357,0.35695397755771546,0.007218781780056468,0.14856968388975933,0.4977341516170814
358,0.30184664068215816,0.008682381942108349,0.14345541151723973,0.48337076736685397
359,0.25304581473888305,0.003893550753392732,0.13754562142399254,0.48404454290952514
360,0.41600752267492447,0.9970057295773924,0.6334963060909651,0.4950610487883189
361,0.3102236768449136,0.011684638152995603,0.05989369461466803,0.4832810272495648
362,0.40352136728841925,0.9736441625140083,0.31748618555973523,0.4944432723723268
363,0.3923027365828537,0.938636697240647,0.6680107208652897,0.4971612516994737
364,0.37289236383014385,0.0405790966308316,0.2507363525291125,0.49413520544332606
365,0.45285964054032724,0.9362329615485003,0.587439781277428,0.4931020320870817
366,0.4517946770988879,0.9890621769232235,0.7644153164453423,0.49913726221437266
367,0.36574428270104486,0.04093905205191426,0.32576360292231415,0.49046125630615883
368,0.33298275458423254,0.011465314590609697,0.05754804097305214,0.49287762156176906
369,0.3743103682710147,0.9615627904057177,0.4547734692017198,0.4786793787750114
370,0.3754851926586026,0.2099199246562322,0.24281925068044596,0.49808036355060004
371,0.42152219766555654,0.9204861747516574,0.7309399816643843,0.49658525029452644
372,0.2733787297782025,0.01950642948232136,0.090156958155512,0.4838362990605342
373,0.39298943957431953,0.09341660302383084,0.2844508926599929,0.4965713309193299
374,0.34834247065473956,0.05700770152356648,0.22162711728562007,0.49179062981319777
375,0.49833628476379416,0.9678158261573343,0.8489601157088721,0.5387808218425257
376,0.28239249912263775,0.002743583682024991,0.06549719613558384,0.4771867254129824
377,0.421607393079163,0.889421250108526,0.5212549648305183,0.4993349954745727
378,0.3345999355297795,0.03291741108488212,0.42330514580192863,0.49576405742034513
379,0.2469870133194002,0.03232774211224234,0.06562188927242106,0.4833987754727815
380,0.3192590166938607,0.03869729805639765,0.3497947619033274,0.4950020189219323
381,0.22560481450615547,0.010406976825841048,0.08612147559829712,0.4350934303987054
382,0.34564483161691917,0.019073578771129286,0.2602653057283228,0.48744595497321447
383,0.28578508413392795,0.0036557122810478835,0.12968221725046059,0.48333506501637613
384,0.390366128151662,0.048946175897578534,0.25562122878283566,0.4957108301892588
385,0.36417626460020913,0.854901785202061,0.6278208033946008,0.4961455256680939
386,0.34823981021455175,0.039483338915674196,0.26543504400980444,0.4955594292239543
387,0.4618756489585006,0.9741251628327423,0.7794785147508396,0.49264667242900956
388,0.38616359196352706,0.037473482135812586,0.3993990009815842,0.498561535850692
389,0.35286828492897937,0.12880089964516125,0.26389410949229947,0.4952297546800212
390,0.29414642445745787,0.024816512349668543,0.24774943953313563,0.4924344051295601
391,0.44911466589690013,0.950009324071223,0.769461718849456,0.5058002594788749
392,0.3635613666954226,0.12488447441077873,0.22229398329727082,0.4970499757041699
393,0.257162641352461,0.02582900859327287,0.14198424222828396,0.4866926228003691
394,0.3360664689404958,0.042907684057242046,0.13250821187741288,0.4940915417115224
395,0.24007530268442362,0.0034613862045534192,0.20083051889530903,0.48823606388809554
396,0.38505393199725224,0.9559750555857819,0.521448059924182,0.490750102178985
397,0.31655147835808267,0.009370905929330306,0.3705575923542574,0.4848774598551417
398,0.34512780999131154,0.04064445959473414,0.27270457672533654,0.4923082603084868
399,0.4341274987975253,0.8765644126232203,0.7024597411414412,0.493719142598071
400,0.35933440799942834,0.02124654704055261,0.32700075886763474,0.4982576011264057
401,0.3273836017930018,0.05080762329669842,0.22448625291392568,0.49632425312899375
402,0.34296667521720264,0.028879873337826368,0.17980175763062434,0.4941686402470375
403,0.4531105279473413,0.9235696614117308,0.6851064188915638,0.49775378088422095
404,0.36275260709266016,0.01337015787206726,0.20532583110454233,0.49344271877556994
405,0.30235085060663336,0.0013314648732251182,0.08850727503962846,0.49101286521856385
406,0.31711986045751617,0.04317530175211523,0.13906911611243547,0.4453495231084552
407,0.39218727091557776,0.043283651408931485,0.3727030525054704,0.4994329970094576
408,0.3500359957994017,0.016401733595854482,0.3253693072788786,0.49440248545003956
409,0.41013909513914476,0.06265560477752284,0.4752064565426504,0.49995016084357413
410,0.2521042321127454,0.007587125575537839,0.12326458041393211,0.48871162353319114
411,0.36416147393470993,0.02433525436509439,0.20797165543604168,0.49830404139943263
412,0.40279136520800807,0.015201990969937514,0.12896637818449608,0.4961521519475913
413,0.3981189354791508,0.8981942009235493,0.47976167335759856,0.49496315982530353
414,0.4376393342033999,0.8981650015407036,0.4093080091720911,0.49273843633262754
415,0.35148216678982236,0.9445566516420042,0.7561012125953511,0.4923800358326734
416,0.31247174410584616,0.04508457323605037,0.11723042774648355,0.49194601940294413
417,0.2662716445638543,0.015377637053443728,0.1508532373776023,0.48238227450978277
418,0.4717929306737861,0.9284191713405296,0.41191821187781036,0.4975355519444087
419,0.2867663784789298,0.007867467740432444,0.1284705610818474,0.48801160695767887
420,0.29010428836503965,0.010857166492272413,0.12340421425659794,0.48772016162164467
421,0.29064798041388357,0.023334082563996387,0.1837813926738469,0.4859496587798479
422,0.24695054597681756,0.04080713286777815,0.20726657748745964,0.4821830260564845
423,0.2806130075743767,0.0006286757942665423,0.44091056212338275,0.4843981054027943
424,0.2778820648054584,0.0011459070178407684,0.06336751682799094,0.48405409208313915
425,0.43026786264826006,0.990043369978843,0.6856211275700443,0.49192385982522463
426,0.42784153287660304,0.9446734941933165,0.6490959910221482,0.4951861048776089
427,0.2912884887189439,0.00921755015053184,0.29349690554865965,0.4870643510774728
428,0.40024951577803947,0.1033134270874596,0.30153679992151133,0.49850648173427325
429,0.3022348672840323,0.002222522153496238,0.24010816477806385,0.44382489433682787
430,0.3469104329509637,0.05825310667146417,0.2919952087135663,0.49508846570596926
431,0.3247301040169145,0.020767957193668963,0.2594768547435409,0.49124674993346273
432,0.3572546679099846,0.9226721925484783,0.5017319421478463,0.49034604859512787
433,0.33742203490503114,0.010226831814488725,0.08062657009494546,0.4911035766141871
434,0.4530481629500087,0.9071366299549009,0.5046203662348274,0.4969909278277233
435,0.3604150738145632,0.05848191398031352,0.2060914777151097,0.4995610672701263
436,0.46609538884612145,0.9685336235309385,0.4073061206228692,0.4975242718714127
437,0.424198050706006,0.9672516504054898,0.43845258583839275,0.4939497717548378
438,0.4250234006178429,0.8866854968409756,0.4786768126955185,0.4968109672174052
439,0.3922356634216795,0.010090521232730914,0.19895686623232492,0.49631900495586245
440,0.3652400085724035,0.9434380034667649,0.5399974393298815,0.48527133974518555
441,0.4693091393760131,0.9772546454759607,0.9105845789159367,0.5418188917277977
442,0.39413107122831836,0.8860117964227968,0.3741944642360037,0.4940047775157243
443,0.3654600330810951,0.009166571452672799,0.15900094575420612,0.4845812316134786
444,0.31646048521824566,0.07332442449671935,0.19970117757354267,0.49082296386533336
445,0.32609876695775475,0.011640808609060204,0.28063210806016775,0.49029514985750094
446,0.3206615778474361,0.031137555779210437,0.15803480460170177,0.489682265884485
447,0.28396160387761676,0.007385065921549479,0.09480142929475512,0.4835228710485747
448,0.3155858589550401,0.008610799155680323,0.14781409872299514,0.49092059198862675
449,0.31576966729210904,0.037297087344535004,0.1034857310751623,0.48993833707841594
450,0.30066008869893013,0.008940661626007375,0.10058157813059221,0.4890711213303899
451,0.36903042932120256,0.03058314517900601,0.11651514792073969,0.4894907781002054
452,0.4408362252615259,0.9581720783455163,0.4555752406887207,0.4950918244574743
453,0.36447064112112604,0.028484241232113457,0.2131340058032068,0.4930796165513954
454,0.25573649433138806,0.005137292430018064,0.11574216203842592,0.48665190034595773
455,0.4019647560359904,0.02373525885644787,0.5209441005478139,0.49956069378361107
456,0.47671846059131645,0.9691744828702717,0.6470924506862173,0.498483866776553
457,0.34670933193350095,0.043457896512062284,0.24923872181573992,0.49346865480920155
458,0.3613896659041223,0.12852422191061588,0.3932366872903399,0.49180403963938885
459,0.3593550796313665,0.09601618648097945,0.1582273707993928,0.49205947967609104
460,0.4344236519624245,0.9728540371762006,0.49773227927136515,0.49402619196106196
461,0.35480795939429904,0.04976317166738627,0.17513041315571531,0.493302358501523
462,0.35591789263396967,0.05642810623865201,0.20164449056102143,0.49239643173137876
463,0.3417111424281123,0.03587460890179403,0.2395096263088282,0.49346614685607215
464,0.3442189993992222,0.06905453626001044,0.24213580208973154,0.4955911007803829
465,0.2790032923118267,0.04509811900428637,0.0898328342089192,0.4841068739993589
466,0.46210623937451545,0.9254650686220475,0.42249960683495286,0.49900593222759804
467,0.3485791661296957,0.01671554390153349,0.30723290545898635,0.49746751043038157
468,0.42866031951829947,0.9826195106512968,0.6969180597281721,0.5212742285893578
469,0.3694184341565931,0.9062483894451192,0.45773970235216727,0.49256523577553957
470,0.5033564227678865,0.9104471026197362,0.6956705312745332,0.49823776817456417
471,0.33366719251734284,0.0551976776273765,0.3287850629025229,0.4944638886588164
472,0.3103749578504595,0.025295796238495,0.12323162686632123,0.4923376229651176
473,0.37292891011847906,0.9370078695592744,0.41446142881822307,0.4962415438328875
474,0.4152615103707749,0.8719001856122744,0.7178571148396278,0.4970755843579892
475,0.2675338507557924,0.0033138584009788047,0.10823699475941313,0.4800528577779022
476,0.3574902025811511,0.07379110948683354,0.31300078560959105,0.4981966053641779
477,0.3340556774791321,0.032949938111275494,0.13635218853549227,0.4908722139678257
478,0.31725892272533496,0.037200659369726705,0.2946843125742966,0.48850774181919204
479,0.3144596909800059,0.04191143703677374,0.062166077223051196,0.49151947002561036
480,0.35213245392893944,0.013958426507507372,0.1824570245639548,0.4942584616379644
481,0.4555064909671915,0.953758009807046,0.7321409313018244,0.4995398424908797
482,0.44341100713602416,0.953115254122416,0.6934545063854608,0.4877988871264538
483,0.35779739394082666,0.04401624138060261,0.24071259502942252,0.4954781801884251
484,0.25905904133773205,0.0010058387072391013,0.11244901144776842,0.4822993213357941
485,0.4722467951584061,0.9592599255728897,0.7233738545313776,0.4924567347492632
486,0.36973165197222957,0.1332678301636133,0.1900814070297743,0.491267759682958
487,0.42894725951136964,0.971661760464761,0.6099803918534372,0.5386358879215329
488,0.46665742207791433,0.9763168111061393,0.9094030357372902,0.5052184454321291
489,0.5152985630922672,0.9805144538207985,0.726775673755029,0.494632338530515
490,0.24428729460126897,0.017723052620899127,0.12642365460613306,0.478171542515872
491,0.47521549087596454,0.9905643702607121,0.6487234403556227,0.5045157473874929
492,0.41762693237478365,0.013836651938274326,0.13500477594558197,0.5000180301512477
493,0.3876449065164265,0.9756741291070152,0.6796823182908275,0.49127246866870566
494,0.30260975936480267,0.014153901051365925,0.21663245481307758,0.4926485780928204
495,0.3487964562903681,0.01894088970779222,0.33765833334819917,0.4958599610159428
496,0.4526289108389363,0.946643516667074,0.6368317885172622,0.5004519113179938
497,0.25692120990056666,0.009073737049740196,0.17454114573426105,0.4841147539667947
498,0.32855911915578345,0.03743620667033389,0.04565851690498942,0.4954917326217628
499,0.38145332163858997,0.02746127212582067,0.34226255073465667,0.49563022127363726
500,0.4144137009737447,0.9734432515141394,0.3420236835828331,0.4858110706610541
501,0.3929539261142916,0.05295315258895289,0.4302440846049212,0.4986500325554496
502,0.32367090674867444,0.07056987513025426,0.20992928331550226,0.49504900339065555
503,0.3118848008937174,0.022746131337293904,0.13795849919915454,0.48858538412622193
504,0.41165803427265496,0.9491486514483205,0.49069895986208756,0.49916285246176273
505,0.3220682978482073,0.04206657039706116,0.15428198680456415,0.49174468291660234
506,0.3443661432023379,0.03132880890506209,0.1944814934476223,0.44739581185290367
507,0.33196459344046375,0.008073845135224278,0.15719728353003082,0.49413743006409144
508,0.3837912301791156,0.11338702730742228,0.5489471229527233,0.49409544597227184
509,0.3818650021226207,0.05415043247241671,0.3955575102045625,0.49500266104738744
510,0.23884355011083577,0.0026668405194870686,0.07515792200785112,0.4743238193245661
511,0.37123066496912643,0.06651013047667348,0.29929818881910886,0.4952716652513618
512,0.43369256243725024,0.9683904636554888,0.7588558421289748,0.4976147777606786
513,0.43356128345090994,0.9355033130620832,0.3969504959326739,0.4942449434907725
514,0.3401821072923471,0.011406003775406714,0.2640672466714588,0.4863080961272239
515,0.3031137616360155,0.024130234964678417,0.23186077874464733,0.48761719800323566
516,0.3734517093020099,0.02315394697350445,0.5109265797627441,0.49670763381155225
517,0.32239256623593177,0.023324051230478177,0.33686093143396284,0.4858223302208837
518,0.22384338784701596,0.0005687302208379904,0.04111274430636762,0.4739130867242624
519,0.310446816446359,0.008503554199801823,0.14240385228396288,0.4909531222394855
520,0.2293263353401929,0.0010324500396393958,0.07728438852557598,0.48616668384274647
521,0.35044230859693765,0.08008435095452235,0.28476024637478886,0.4941564292639019
522,0.4058807275053289,0.03266663570745502,0.24984893967057104,0.4942678575510278
523,0.2526253442813823,0.016140184810772416,0.06862322169366693,0.4780420680430811
524,0.42466636262699775,0.9577525560109724,0.6008300605288789,0.49817808203614133
525,0.37323828946032767,0.022104407484109856,0.32918297278260844,0.4958259030713769
526,0.3597081428078838,0.034290437838809903,0.29851315885389446,0.4904823629484373
527,0.3810740589090605,0.899638156415637,0.6736145683705568,0.4907357841708682
528,0.3860264127744021,0.9356655081279,0.48783896667133986,0.4773724344126388
529,0.42680829788269903,0.9772240901757103,0.6442930570921401,0.48502910897346885
530,0.3588118948282102,0.10188985975673821,0.19945959727122964,0.4963237120170255
531,0.4292558640125194,0.8914632856359175,0.45106296342790225,0.4983384934780124
532,0.42464910303697645,0.8983921405726096,0.763612194626132,0.4981168930589792
533,0.39898426398872644,0.9460018131847848,0.46824620044053616,0.4917842460183291
534,0.4074542745229423,0.8243136188338788,0.7521950383375493,0.49385528792277433
535,0.3106685193200742,0.05966575926356198,0.17873511533958006,0.48742476179625527
536,0.32855286501104686,0.007364871669255593,0.3757325121287176,0.4912001491534747
537,0.44354549290181544,0.9862856365933416,0.45855102551178456,0.49472562694933286
538,0.46988136745021586,0.9890072221788125,0.8566752791954343,0.516400260484583
539,0.3359994585418374,0.009999568540325706,0.15603842733440995,0.4949556457012734
540,0.3780124125225296,0.02833015804943328,0.3620404975787749,0.49331532659752986
541,0.32206696996495593,0.023830467527584453,0.1252998872225664,0.49313755285167915
542,0.3405105626009449,0.041000152339630475,0.34973168004985616,0.49511308120861597
543,0.41190892693386855,0.06444523137699228,0.7349841510312216,0.49790650054702207
544,0.3082639630541568,0.04821817697179358,0.21922515229706907,0.49153202547371777
545,0.37154787828253233,0.03885224757382744,0.21456735990757528,0.4945316189616047
546,0.2810253011121064,0.008672721251290838,0.02119785628173457,0.48404833435326744
547,0.3860110654826595,0.9615103759244731,0.6505335345236472,0.5291262543282577
548,0.3085594452661493,0.009315626049122235,0.15173301596386304,0.4745011688366053
549,0.32788457739151816,0.033821711212908376,0.29151021114504355,0.4907837625901865
550,0.4581577375444635,0.9472338351098479,0.6055742049821196,0.5001577294660914
551,0.34590808268048934,0.02916474876050892,0.09945692233343562,0.4952105925097346
552,0.40206121154412083,0.9068808738604137,0.5678665927139184,0.49506833340234885
553,0.2529282974041294,0.02700878321926216,0.16879441499989126,0.48595940071196764
554,0.3632523170064759,0.057309723126900726,0.41197128090930263,0.49535786995295017
555,0.36032235413535857,0.07853041150464739,0.37848351961543847,0.49448526291512696
556,0.3001970464121588,0.023632729774371936,0.25432035051922613,0.4903782847331812
557,0.2825425030099525,0.021234880390218775,0.31964656726610796,0.4841841942725404
558,0.5114327697010463,0.9908783798834949,0.9053806457398166,0.5118009785410724
559,0.27593092489854704,0.0220252622583021,0.17230343707105722,0.48498427962936375
560,0.2120301360867332,0.01847874085939882,0.07249767074965063,0.47895498626631133
561,0.3854776337201997,0.0017504504153747482,0.12940996758424075,0.4835038762228872
562,0.39097503742752293,0.014067704190300491,0.3657208803434996,0.4981257788789198
563,0.3264559441433066,0.009979639561246628,0.280338886156894,0.4887739507400688
564,0.3800835301682086,0.012746148157699205,0.38699490941760706,0.5014484552974751
565,0.4543468641518155,0.9840119113145613,0.7099190427103131,0.5405611972867153
566,0.35368923433984273,0.1178548178927529,0.24326388773408714,0.49305756941285217
567,0.3906178662804764,0.037954192766393384,0.45573901005494494,0.49671847930661855
568,0.3169456487026227,0.022104855178845167,0.17163648381517033,0.4945107525666029
569,0.4090876849414313,0.6717373801626583,0.5185023113671758,0.4963823542712388
570,0.3104672579180025,0.030718962041838632,0.0921940841087718,0.48802545709943546
571,0.4143914751822922,0.03778009948574087,0.3173078288066327,0.4986059759298231
572,0.3774713222274598,0.15391726628035032,0.39177222693722563,0.49149383195108515
573,0.3439768949798145,0.03371622028218651,0.19648252745217326,0.4932788946439858
574,0.4693692568209423,0.9445081813404667,0.4786895467234009,0.49858300498719876
575,0.3019411887093191,0.006576617341813609,0.1374460245880982,0.48569447444471414
576,0.4533622638614051,0.9708626907319141,0.601471676899452,0.5019382334800754
577,0.35821653587595437,0.06081054782406977,0.28536599903949367,0.4909957404210854
578,0.44854212522550185,0.9761476214885212,0.782043028037005,0.5386813268991791
579,0.4464372856875225,0.9263299837881539,0.608406134387644,0.4975314918592257
580,0.3466175813970969,0.032456370476678466,0.4336614972991869,0.49172437873293084
581,0.3301528566527206,0.9496428323607508,0.48505888458598295,0.48930779916092665
582,0.3206920879073625,0.024761633436779715,0.29230765345282433,0.49008633362982723
583,0.3270097476256285,0.0889777893367151,0.1265228497540754,0.49242964997318206
584,0.4421472543965057,0.832828038495862,0.5327935772591592,0.4961298002832504
585,0.4706298253892448,0.9613927775891937,0.768060750237216,0.4961833102702864
586,0.36181218309461327,0.05593153441916067,0.5592264358540897,0.49863366257942593
587,0.36642346943471316,0.024064907961218584,0.19852691769520225,0.48935833041576615
588,0.27974024593201235,0.017660809459242564,0.1237571067164571,0.4874564309847333
589,0.4569461961243912,0.9457540708903068,0.723755060800414,0.4892913605202528
590,0.40924555208443997,0.9720376120926993,0.7430838825192823,0.49104178579050817
591,0.29260641459975595,0.014798070702158723,0.22631837007895533,0.4871113933483513
592,0.3042218695050023,0.02411093431624566,0.20370364439818767,0.4909743166876833
593,0.32951034562380793,0.05220440428390528,0.14673574192127628,0.4914819123740405
594,0.3563559001145846,0.0556755359635831,0.3699623812576976,0.4908330818962346
595,0.3284400262446382,0.026794778793555993,0.04546049677399104,0.49101480762255406
596,0.3287877179652014,0.02404050508212611,0.2817895427024987,0.48681642992181107
597,0.23040455977615765,0.0011036796523056188,0.07130372680935311,0.48386314667801533
598,0.34016733913893576,0.020026174511371078,0.24457416554950753,0.4922468445878957
599,0.44759634569212886,0.9718350409825586,0.5709875836692047,0.50105296402835
600,0.3531498046566755,0.007588305784852728,0.22330025145241095,0.4936076197383013
601,0.36070320157814817,0.013727602842557314,0.17962961750796994,0.4518337082634907
602,0.21436891710836395,0.0043622679461347074,0.08442713448071361,0.4746758632876643
603,0.21960856612138294,0.0011342484570109473,0.05469706288581444,0.4731024866114352
604,0.3670660489461699,0.10156988144733192,0.33042970531371424,0.4951960241451442
605,0.33028370982561145,0.017261260266496346,0.16696753718083313,0.45069335654763426
606,0.3313481113632386,0.037047823540113586,0.23160021929514146,0.4893591591733499
607,0.4405587020538757,0.9058097516241836,0.7620031745949375,0.4944752707959844
608,0.460619535604981,0.944535526107106,0.5517279816481014,0.49751824106385517
609,0.34259595775266005,0.9528395622168353,0.6793926856164406,0.4861438339041479
610,0.4667517948966565,0.983568010293545,0.8240011312919698,0.5349741368298175
611,0.4060657303379764,0.9599538695590215,0.6500787333382609,0.4919876988757355
612,0.3386613067801747,0.05768097473076404,0.29073417075574226,0.48898378305017165
613,0.25879467749965446,0.011848011953009226,0.2550227816743937,0.4818754541094207
614,0.3763893808407638,0.9310997253093123,0.4996336145447742,0.480955925201697
615,0.34660529989037114,0.007026437685713117,0.15342558691026403,0.49195093676242546
616,0.25600802074075385,0.002650678959346963,0.0918318922173991,0.4829460135443093
617,0.41515176273378507,0.4607185189284996,0.5081655455895852,0.49728714912151606
618,0.3628892965278389,0.8464908204778147,0.2749982609084123,0.4923964448377938
619,0.27168232321472024,0.010915899309137889,0.12630541650668514,0.4844434234864299
620,0.386154281978764,0.2361430751662731,0.32004440164783315,0.4948441499205592
621,0.39557367639939806,0.04318629116927183,0.27087974579136476,0.4970460380839717
622,0.3315201195672867,0.019314750174361406,0.2808653440810478,0.49080955110863406
623,0.25068272851123546,0.001591313142232543,0.141272452905184,0.48072778296008184
624,0.4000721002917569,0.9570650725325155,0.6388920018807579,0.4943009645596843
625,0.39049471484274795,0.015453517981025627,0.3454240662163575,0.494244609603781
626,0.31109771316300594,0.005190345810785466,0.2767941089806147,0.4875821995681597
627,0.34437867602838274,0.08536898481532319,0.4006501488215101,0.49245943842994727
628,0.4663059654306371,0.9850233511416274,0.6103147031162071,0.4989837185661291
629,0.35843875266625913,0.03724599920194963,0.4674539421028866,0.4966231557140922
630,0.33851773336239654,0.003911351048948872,0.179131119389269,0.4902549515834649
631,0.4239248248393544,0.9542051858798362,0.5780397759943102,0.5001881501358707
632,0.3587119023287194,0.02795144290407611,0.3337687128213738,0.4932305635937144
633,0.42283119984911777,0.9647814904368782,0.7045318718652921,0.4960743355150833
634,0.45191089660697853,0.9733685299814286,0.664053620749483,0.49854729981198304
635,0.3305312667808436,0.07159636398986334,0.15193028786277601,0.4893185868664393
636,0.3621263571368338,0.11668008068949776,0.30514168655372975,0.49687841157767537
637,0.3743002403399563,0.06723000623864323,0.36657104014595543,0.4909349472084559
638,0.4384323056996703,0.9424520524663913,0.6318502269168569,0.49736016651812726
639,0.3703673469408615,0.028217567548039457,0.07829451112485594,0.49474884071893616
640,0.43961942652102765,0.9599112853702646,0.4910105434928637,0.49531412754839427
641,0.454806628227765,0.9177150626238701,0.8877491252758909,0.49735944331828735
642,0.36077141916853145,0.07182286167123847,0.5022908142130867,0.4921925302210101
643,0.45271024580385094,0.9664904498328932,0.5235735506630903,0.49657165598547504
644,0.43417924585811574,0.9939080613516997,0.7475524307990102,0.4998636946467405
645,0.4863918896064864,0.9755595338448373,0.6827706117694002,0.49657256988651804
646,0.254572435039418,0.002903364247926408,0.0839692234521933,0.4788907152001654
647,0.38105004665202424,0.8676855095130367,0.4571118333330318,0.4934657858491891
648,0.48059348074575475,0.9351125399147467,0.7043012446495582,0.5005319126463074
649,0.326854478922943,0.027736667117365686,0.24681982000785946,0.49020696554994486
650,0.35608891949542987,0.006607237786296145,0.24378468494734734,0.4905988033890983
651,0.42460233221151794,0.9591709898698387,0.6472727784619765,0.49363229256157654
652,0.39673085655896295,0.17020562070125989,0.2756614146649575,0.49946707413515196
653,0.38470725313818216,0.02344691265405296,0.46305579060294444,0.4963453871928283
654,0.3199858539272659,0.021343594584695497,0.2645609906844269,0.4903240592423545
655,0.25516203741726523,0.004461989360713793,0.23149240338547988,0.4850270613954908
656,0.4026638131239869,0.981904988550318,0.6590288030673594,0.4964997359737977
657,0.33239537575792094,0.06368438366335152,0.3444229207572696,0.4920696155631112
658,0.38774853619868205,0.06207606029509035,0.3046007677237883,0.4979641462172207
659,0.389021656939153,0.08981239931733627,0.39925084805236194,0.49865052567201185
660,0.3855555025822395,0.08655950389475073,0.3808393525138557,0.4971603459735959
661,0.35469885152627917,0.13771604946725252,0.5254533163995813,0.49007249434828076
662,0.32184767036655887,0.023925024081090627,0.10170938780252113,0.48411818374656834
663,0.3795179725644156,0.023284662426305322,0.26950001010744007,0.4843839001576944
664,0.370352257426318,0.03437917587765875,0.26989138587603356,0.4961048936249249
665,0.4126214975617132,0.9747525115154305,0.536423368282446,0.48904779346250643
666,0.2735987027018453,0.008617978745919443,0.09593277323137891,0.4813185931278665
667,0.38689797406783444,0.09156925800487677,0.24594394403545242,0.4946503384016985
668,0.45095367311300166,0.9448391409650772,0.6017829262154856,0.49753808200545846
669,0.29098000685445874,0.015639501718961463,0.08020154534574064,0.48270958783199913
670,0.3487795495840895,0.011036563984836392,0.06995530821501837,0.48667704049478716
671,0.3756833932193717,0.09524984743486674,0.5683140968598609,0.49738482151891567
672,0.3500996994541463,0.10533713233163473,0.3876377585922461,0.4901603917744158
673,0.4672520635463319,0.9747650700200604,0.7682481333672749,0.4939966151684969
674,0.31102166023024275,0.01923309164822685,0.1851550981981133,0.49158835578089605
675,0.3957767020272027,0.8396435752355491,0.44862352492871593,0.49642437179479115
676,0.4561775424772509,0.8862947619235391,0.29869994044499193,0.5004828582933339
677,0.31990577476395576,0.03495221897519693,0.1801774332749211,0.48958413116190486
678,0.39324747467519466,0.07630080796384789,0.2574315394483134,0.49910208904810444
679,0.26076565856275763,0.008406326284396696,0.07172527958555577,0.4832230725516115
680,0.39163781873323983,0.91061587501479,0.4260972608516499,0.48771149377682743
681,0.50954804577386,0.9914902250949719,0.7907165468591143,0.506599930392817
682,0.41338105274119885,0.9385190766001545,0.5158255097199903,0.4925260772905627
683,0.3752409538629571,0.01550792833936176,0.0996888654544943,0.4901519134281819
684,0.46589682713943253,0.9342008098039772,0.6200510638392737,0.499207190438911
685,0.220829956161015,0.0007264565395713103,0.06775106853577764,0.4804961030358783
686,0.3861403941600706,0.09518435412587395,0.42956308426104545,0.49875449145276546
687,0.44430133718150167,0.9471122198128409,0.6872278930899699,0.49170596871962724
688,0.31679635907325443,0.02478333199390823,0.22033899431114554,0.49291555295805456
689,0.49024703529095426,0.29359952863612354,0.7322328708331737,0.5021213985638616
690,0.36523593899045603,0.8881360666610353,0.3417281070522049,0.4954336402474473
691,0.36033041589285814,0.0012429738736552455,0.0981061491930842,0.4876091393064303
692,0.36889374282895276,0.058547246164061484,0.40980719399088694,0.49827266380258917
693,0.42202105828890085,0.860165533700692,0.6412171833235946,0.4945647927725472
694,0.23215471133489632,0.0003422126825947885,0.05684953642764087,0.432409203269832
695,0.457225423125426,0.973527975520828,0.6672865810794413,0.4980080321432852
696,0.3966834052047102,0.08967514459291435,0.22491208810608038,0.49802182057458294
697,0.276156946476881,0.014851414754113989,0.08905030207017524,0.4875830010397966
698,0.3973885027780317,0.04980135959464461,0.14446779229295165,0.4973136142264309
699,0.34857322914943334,0.0735970112472625,0.2371883118433511,0.49694545465392725
700,0.3092996720993174,0.011913760689219535,0.09288280518151912,0.4851127573857289
701,0.41489090873476825,0.8673794432459934,0.4995671679996629,0.4953187066321382
702,0.35366417679117845,0.09447522459510996,0.5991807369320884,0.4965546241992655
703,0.3842767208061853,0.07143161662050193,0.15043879288589068,0.4993395807854424
704,0.47179105808717814,0.8608354373977913,0.5596139331981681,0.5003967757181418
705,0.31646855638212984,0.0033371867602233368,0.1344416088932829,0.4893280610528571
706,0.23164680657162023,0.015027964291590805,0.08546823072112829,0.483080033134888
707,0.2853502979259149,0.0031845887958547596,0.12512336350231126,0.4814632144158912
708,0.4686349647223605,0.972695651684315,0.7411633857697023,0.49953939220289634
709,0.41936725774948724,0.9611441930344102,0.46844204972760956,0.49597620474278975
710,0.36937149637164235,0.062144481443416985,0.27104987259964813,0.4976245812196474
711,0.26025532227127113,0.0066184006076253285,0.1636957878482888,0.48438191328053964
712,0.44371781754784473,0.9919380112102216,0.6366718132407706,0.48963946697139604
713,0.442894782758982,0.9548924149630681,0.2858213650186056,0.4946095788244817
714,0.4387544392968226,0.9361834862434212,0.7645710921864888,0.5000805377054838
715,0.34106003972285137,0.8375403778326485,0.30258484433129545,0.4886044101552741
716,0.35853108166007475,0.059349973594170206,0.4570415879240718,0.4919429000226852
717,0.38017440753558934,0.9774593827672502,0.6769277316037494,0.48606263817212186
718,0.29261645273075126,0.014962975949667272,0.4053543985446233,0.49397567888144556
719,0.48764801715401973,0.964135388009979,0.637431493213534,0.4988566294635665
720,0.40788696141394076,0.9600608636681112,0.7957903924060772,0.4922506903452599
721,0.42074631748281305,0.8966264510603807,0.6102035367413184,0.5003753338602248
722,0.42891526477810493,0.8763370245684375,0.5898084853482596,0.4985965459819039
723,0.2682504073129188,0.017139669205444887,0.17785289096948864,0.48492662210390913
724,0.34696809719835575,0.032459330139075385,0.2438594897777602,0.4930705105728465
725,0.3409202187395731,0.03353248527080558,0.31529856660795813,0.4933650637745304
726,0.31951856223827113,0.009600012032786447,0.10429910900416081,0.48563194904163576
727,0.23855604323613164,0.010096783563630553,0.12051902614550755,0.4844743504802173
728,0.3949618834117441,0.09073224849871211,0.23619208250913226,0.4981069328514767
729,0.34795555143743717,0.04058552399649015,0.208654051378034,0.496282061456169
730,0.3237246500021762,0.03761810594710435,0.28043242326368195,0.492692841340318
731,0.37511725620751174,0.05473362359197302,0.36709681083850165,0.4981525457134808
732,0.39899739573841214,0.9480595196640698,0.538348352332214,0.49959723014345986
733,0.25796298119653077,0.0064947683991144565,0.04596936375211453,0.48133550747594855
734,0.42013701102823753,0.9161981179846931,0.32420350159510625,0.4916553221083779
735,0.30345438926174334,0.031750226934587525,0.05767099833048968,0.4735476837607483
736,0.28677086856644896,0.022037993303221717,0.16075725545012504,0.49041780795256734
737,0.386815567144864,0.049374741515569774,0.2740494045920655,0.49507613797298566
738,0.40249752660123567,0.9507052586609015,0.4989501153121418,0.49531361866068735
739,0.3187552294560834,0.019980961354051266,0.23100161293742782,0.48904423182433954
740,0.2626937610650488,0.020607290996845044,0.1012872226349054,0.48485837061614323
741,0.3006679386811228,0.018002228273554643,0.22565736133318337,0.49332054688229654
742,0.4046525223142432,0.10829661343444269,0.3383564511878358,0.4994110280244767
743,0.3914141303711835,0.054297127464422376,0.26524546283698497,0.498288947357257
744,0.42173792045201774,0.8596713353668481,0.4543135129521912,0.49651868518330633
745,0.3611771469612737,0.03560732817419653,0.1736477427681037,0.492938694385539
746,0.36052118876617406,0.014087873946773908,0.2115353161325157,0.48756629555995584
747,0.40865458693682655,0.1692363218631914,0.44635235829550307,0.4963823542712388
748,0.28307828481779146,0.027991017895346266,0.4176489602443987,0.48921019971366336
749,0.46872993193093954,0.9668463989193711,0.7274898534543817,0.5019925288336465
750,0.3152478513542487,0.01641624703521994,0.06537928719972134,0.48925698627825265
751,0.29367325715149284,0.01616151311485534,0.03931726801205093,0.44902962187117
752,0.26536319998817043,0.0331671870023037,0.1458290966620723,0.4878071166440716
753,0.3379692967649602,0.02924184148415954,0.05221158656919721,0.4933182022255388
754,0.3030354548106767,0.003663528002351151,0.2061148491937098,0.48919256146083234
755,0.4890093192520645,0.985360065971117,0.8097495725573445,0.5021998802970202
756,0.38609533612593927,0.9625755808277426,0.3910492086132708,0.4900169588846146
757,0.3142703096776277,0.07000699377948665,0.23660484415140876,0.4917727015187384
758,0.32157267765633724,0.0407696416255137,0.1875666191177374,0.48823830564468707
759,0.33915976189441255,0.8941112303239988,0.43421870390818695,0.48941468657989284
760,0.3116688920374223,0.01536373553645637,0.2295950116600634,0.49317934138707303
761,0.40735291070052887,0.9327833227540151,0.5369619524224526,0.49417024968199524
762,0.42257346163712234,0.031189856501835887,0.23756683438514126,0.45548633837580366
763,0.43609047483601027,0.9747625129549214,0.7000418358362309,0.5000295567241135
764,0.40385139636805256,0.909774840869059,0.638652092000377,0.4985766650383394
765,0.3893458012948554,0.045196748381511845,0.25382710782415635,0.49597432147081205
766,0.2521756523068162,0.01986626796096043,0.1515208211013095,0.4862369435933276
767,0.44339442337624085,0.9612105883331663,0.7254506330482539,0.49502111655320763
768,0.3555179002149529,0.005781264458338129,0.15072861245652527,0.4963464008434116
769,0.3066222721873731,0.008139500697104167,0.10791927998681422,0.49375804361169406
770,0.30969987331512927,0.05890973148171025,0.3289248817342467,0.47740306737737415
771,0.32159385891289105,0.011448848644158238,0.1310715671950073,0.4935520223469064
772,0.4130576664121698,0.9567939105029147,0.5761459844788577,0.4997231565246898
773,0.2698071481008818,0.026500084638475897,0.2828688508528081,0.4822266811498648
774,0.27902357064166794,0.01170441097527335,0.13572940279920095,0.4853482459838371
775,0.28354264223608927,0.012670335187560822,0.18969375101998287,0.4887801692170182
776,0.38086506373865836,0.010709941450038028,0.18640040669077745,0.495427327575092
777,0.3812662582069261,0.02459031871069955,0.3647405750740587,0.49457027033897283
778,0.3500580063554171,0.9627396225331957,0.3678103387817875,0.49027922510904315
779,0.23024711770432651,0.004353487869819105,0.16465840576912621,0.48087411603820285
780,0.4302298086091482,0.9195700004118769,0.5936010464430933,0.4937544322063568
781,0.41226632577927835,0.9840737808008042,0.8596866268836646,0.4954752913520005
782,0.433607966030742,0.09264282342402988,0.28498785615405375,0.49888154477119717
783,0.263743272814454,0.03293028167590918,0.2144713751849894,0.4889321721389679
784,0.4036624282664051,0.8146956673000301,0.5166819696610968,0.49104339230671984
785,0.36766379244989594,0.9403704515002167,0.6432742916346939,0.48952983239752607
786,0.3616604289256741,0.9389112100143604,0.6900013411025595,0.49137188530584286
787,0.37325118732898405,0.8915435709648046,0.3134730859021258,0.48962364829272825
788,0.31678109154211365,0.006370838186655398,0.07079439174891536,0.4901713599584422
789,0.33496178261143383,0.08937558403864061,0.3314216529917406,0.4940093708721018
790,0.42436615197684513,0.9568423051060619,0.3033145333607676,0.49307902184542735
791,0.3086707388905105,0.04796563784620035,0.13416403970631216,0.4897895994879924
792,0.3412654105981984,0.019475608276197584,0.2152767737945384,0.49469999424925404
793,0.2808608475582407,0.03474876540753417,0.20900207231823317,0.4863658993831767
794,0.40218079103017146,0.13093540685169605,0.47901726376512344,0.4994233491894396
795,0.35662244287611194,0.019195038042103672,0.2839166498101038,0.49309757457374515
796,0.32744969472647184,0.01913580918304207,0.23026977085479958,0.49138687264799086
797,0.35891055348182405,0.035602146957017786,0.391260818605281,0.4911280713634069
798,0.43651208155416704,0.9477648050857875,0.49803890603559836,0.49543788638955144
799,0.4388815731124154,0.9640994137436871,0.6357904147958632,0.48821943899000936
800,0.4859062837332898,0.8961502607278768,0.8044523459207586,0.4926420306297346
801,0.4103823231102708,0.17130097795174345,0.4494300708011213,0.49749896479131905
802,0.5107562227356062,0.9904099178793201,0.836801504163501,0.5030345588144673
803,0.35387179374370786,0.7214918003686048,0.16006591370739043,0.49059725681085037
804,0.4747318007527517,0.9770451789074674,0.7799280967420242,0.501880360115666
805,0.3115507417419141,0.03517234032628975,0.09976537047708048,0.48399630359581064
806,0.32224625469397805,0.023422838392528168,0.10960115894246143,0.48790326836631875
807,0.366243077389954,0.016049986125175688,0.17118142465716069,0.4865289416229648
808,0.4270436285784558,0.9147991619298526,0.5887961935805582,0.49632698868123626
809,0.34264608556930015,0.025442232233509623,0.23908534840882437,0.4923315347333682
810,0.3172124208875604,0.004850503449664515,0.1878021027384147,0.48573245648042684
811,0.34269534632259474,0.024748789766682846,0.3622100811736493,0.49303542015188867
812,0.42220800672819614,0.9334709369251086,0.4378962253611439,0.49277305198834376
813,0.3622610125108669,0.0892934898936767,0.09626106244084588,0.4912586873981279
814,0.37126023654443346,0.1017941994428821,0.31880069308535514,0.4948209821375021
815,0.2249412102374636,0.011282459809683062,0.11038588146207033,0.47590344354296243
816,0.4124227140985173,0.929853417292957,0.7154809858636245,0.48765643573835127
817,0.2546803944710985,0.018241639641795458,0.05689441374383749,0.4867934710437192
818,0.33679976886878216,0.006263726586810228,0.09616062793282318,0.4960522609731844
819,0.42876851782859776,0.9561107471788252,0.6730964204748026,0.4931107878666211
820,0.3396891654252038,0.024361401498345907,0.09915507278732498,0.49151754597285846
821,0.3184656402035374,0.02908821455531808,0.21927322558820964,0.4878395032587807
822,0.44379420659573676,0.9531422989917006,0.5014166991730951,0.4947280992502446
823,0.27284864875447673,0.0026486966187813823,0.1394826975065404,0.4860474705284605
824,0.45234125078198334,0.9704089035074831,0.7654012835676615,0.5027383881401903
825,0.4147339391134974,0.02662032258618631,0.3741229939854965,0.497008379148361
826,0.3179344911708897,0.0031796850250298573,0.13460431562112016,0.49143585221297387
827,0.45246147164942563,0.9053229402514743,0.3694740475127191,0.50088881142519
828,0.3703874488423749,0.027236370877504593,0.07970194579272646,0.4523166088344634
829,0.36599570651476027,0.06999069230411352,0.11016777738426979,0.4924168701763814
830,0.43287512458072436,0.9340352559904092,0.5815171552480094,0.49454943235479926
831,0.3781043415856866,0.013133960761654498,0.13922016315022395,0.49432000073369975
832,0.45465264183791887,0.8896460996150425,0.852264693652283,0.49782084080846906
833,0.41776356654663444,0.9562336378796896,0.4695915197086191,0.49119219957794674
834,0.364825506592221,0.08741684520707538,0.25702009440498563,0.4983783363134614
835,0.34796445060784237,0.058721054859526015,0.28022287914035915,0.4919811534727281
836,0.36153473528863683,0.8409240457038131,0.27342792321537157,0.4884503913989921
837,0.4930532486590048,0.9780246078125197,0.7860177352547087,0.5013235506510393
838,0.35192054721288973,0.08092342573050208,0.303347908375706,0.49353615133550743
839,0.3618669753337875,0.07883239903800472,0.2592791260409996,0.49590176156576954
840,0.3390245241026555,0.005346458561023098,0.16183404389929534,0.49139416423312465
841,0.390279162275179,0.851285162470345,0.4697372707286284,0.4952481205493252
842,0.30012973335429816,0.023509588559473875,0.2457266274638443,0.4850903165749382
843,0.2855066618421833,0.004849803036387601,0.13276352190397786,0.48419950689007935
844,0.4146226462459147,0.9670574928932796,0.684844418723435,0.4981817803950555
845,0.4435484961075643,0.973430811030853,0.6134453494692095,0.49029884789925915
846,0.4114603651264988,0.9675924141365645,0.8730597898940297,0.48709624939103874
847,0.3418657547462051,0.02108165599224517,0.2595914119938701,0.49535747161665356
848,0.36287032595763224,0.06368729616431104,0.313267764948345,0.49529641566090055
849,0.311309121976414,0.03668672138316191,0.2032379808648802,0.4910219025015025
850,0.4273795491873899,0.9630969053033226,0.8094400322272116,0.4970152867823292
851,0.3719726151192503,0.9601292057050572,0.6459545611678191,0.494146020731768
852,0.31733389319849786,0.0031898407049271572,0.17190473453599028,0.4892120943618131
853,0.45852419897514646,0.8595986196791479,0.6457052693932153,0.49759257848348365
854,0.48044614360861493,0.9598559791797016,0.6675629830945808,0.5012778417197566
855,0.29384911881150727,0.052615597455643696,0.28949943924986693,0.4906141169586179
856,0.4312736722954178,0.9038852555981107,0.38198998000096346,0.49712371198998273
857,0.3685992502139897,0.9533829458720441,0.5837129530595916,0.48921806637539705
858,0.4348510579296026,0.9581684268232223,0.6160271320928776,0.49277150414924925
859,0.44146600272448544,0.9727677591819825,0.710620598408115,0.49491486459084333
860,0.40093791298841563,0.037833725914193546,0.3046013966909352,0.4900406167630886
861,0.2894240884932679,0.08049253845341578,0.1661580515380455,0.48855996424054837
862,0.46736190792997967,0.9858315600901514,0.6838573362139343,0.49857816737394584
863,0.32854133913856914,0.023818373053248222,0.4117416879612601,0.4920675878691543
864,0.42955928302912766,0.9166420288504488,0.552877603307073,0.4963091542561263
865,0.5020530574557777,0.9872749311869484,0.8011958914125695,0.5350459057766017
866,0.5174106712260482,0.9786801353526317,0.8148696248089584,0.5021551574699263
867,0.28905382015840053,0.023031562749744564,0.18850757916904343,0.4855802310548224
868,0.3807820487272706,0.009723354212114696,0.21879379697676035,0.4969746402342674
869,0.3733665164561612,0.047086266257078555,0.2500494740891672,0.49368348691605557
870,0.4478977042962153,0.9178478658679747,0.7771616837728017,0.49932962995383584
871,0.36074618678132436,0.026560476112292803,0.17385404967541992,0.49341757464373315
872,0.3112713852163576,0.008675127868945495,0.11650447118127745,0.48575060048056773
873,0.3667364553130007,0.7930919327629785,0.3554830849925067,0.4914467657321837
874,0.361823914123175,0.01554863113104589,0.2776678691190017,0.4975910457642724
875,0.28756363894031867,0.08407505118536948,0.16302083633253628,0.4871316562621235
876,0.41038206272182665,0.8622759952225487,0.7813069249256285,0.4949143847300395
877,0.37482348073756117,0.0907545275770115,0.21976848539813373,0.4980815147580275
878,0.3662061754774984,0.016068490275411042,0.1710053198500447,0.4958380748229966
879,0.34977060075684285,0.05125359814051791,0.3157179799283315,0.49429511864333187
880,0.31982734149694253,0.031011028253261987,0.26355324600123103,0.4887412893761496
881,0.3906186455436647,0.07120677224601511,0.22098503226401686,0.4962626377559115
882,0.4085231989458017,0.9101929270911003,0.6541392835763588,0.49103543016037904
883,0.36784423797794324,0.4739967502814878,0.36862273331139256,0.49239127565245233
884,0.4818202869153027,0.9814011978707713,0.9371311050076496,0.5117415240914622
885,0.518731678506183,0.9906499545760504,0.7650485692326141,0.5036789860371201
886,0.4237529930257894,0.9529090999819873,0.7040371429198994,0.49129634134374234
887,0.320731685782244,0.037960210764222714,0.3374920110945479,0.49254326254489256
888,0.4311169364664515,0.9600780746111528,0.5561897597760519,0.49301043684390655
889,0.30339981525475707,0.026968810063561572,0.25727059658754997,0.4866667612613541
890,0.26831542744477266,0.0014377293925547897,0.05499335057437916,0.4818309496619782
891,0.4156383928246742,0.9383980028043566,0.6320436893583049,0.49903524068639704
892,0.44685810541333737,0.9508926303715693,0.8721133991496652,0.49298115603189163
893,0.3927511667375258,0.10309110557620237,0.4429927525058635,0.49927173902044575
894,0.34026981739654266,0.050757895972258195,0.13384955891444666,0.4944942045063239
895,0.425535346151033,0.9381872265761045,0.5097572633972633,0.4947269104172037
896,0.417996358246391,0.9680730230345667,0.4957042532519941,0.49795098283687056
897,0.2536141981998254,0.008649210402172243,0.0947855127531382,0.47595314361087265
898,0.35278088172608457,0.911039403475318,0.19014868455960063,0.48280396945205256
899,0.36137057085549545,0.026783420916279825,0.5550063158337072,0.49446781659316413
900,0.33581871815605013,0.013217136438881732,0.14715191579580547,0.4901775943021777
901,0.26158989437127683,0.006189366699070593,0.17219587352696933,0.488651131883321
902,0.3578150252223595,0.05338404112984258,0.21947989465102424,0.49165059219771406
903,0.40672811872131737,0.9579943482128043,0.5161522170111218,0.49489738597842287
904,0.2962583690658666,0.011785971980277265,0.18535940220010932,0.48443316737291664
905,0.38540931253086846,0.05950747669166601,0.4384417210669986,0.49697138759461545
906,0.337621144818431,0.014301920197481556,0.16525909416332957,0.49038457009745523
907,0.32752386233145053,0.07385600533578426,0.11474322825016849,0.4955026633666376
908,0.2977839622760344,0.04569551078036658,0.11111950069153743,0.48204386986283704
909,0.33764413798904036,0.034620568119740666,0.1340523247642003,0.49178035533515174
910,0.4775133660702138,0.8668843983264607,0.6671366073122518,0.5021252265569907
911,0.4674271994041822,0.9778343817009056,0.5496168770587619,0.5012911408943486
912,0.4729931737099327,0.989845706776618,0.9108168953495921,0.49158023200715
913,0.3975897416711489,0.9051386879504358,0.4859579426654567,0.49248363859835437
914,0.36784423797794324,0.4739967502814878,0.36862273331139256,0.49239127565245233
915,0.39936933075842906,0.04928925679460218,0.4090236816574329,0.4963551682451461
916,0.3838162647475824,0.047153399670863516,0.24060784256800907,0.4986381865744755
917,0.2537911215258644,0.003288849282592306,0.04619982257922952,0.4836914522359762
918,0.4040152307175542,0.042672028563802485,0.13417385862301362,0.4931808007433558
919,0.26249876904379255,0.0035001598729864584,0.06926067114576456,0.4830734950021583
920,0.5366617925563183,0.9987454494810435,0.935246588535593,0.5382178484674974
921,0.40902033371389884,0.09693908350850478,0.49623382611897826,0.5003509344967397
922,0.4111351025801558,0.9096902150268332,0.38257839182126846,0.4884046014724517
923,0.3317071433194254,0.017427535890182783,0.17367304106529216,0.4889418223931798
924,0.26425483782808945,0.012771611055720097,0.247992263208622,0.48433419817279016
925,0.31255712835433686,0.020387355273226895,0.22775612370273318,0.490552180359216
926,0.3602573746928004,0.03889859208301941,0.18515196484920188,0.4971438989248783
927,0.3753106079463881,0.033560844065452476,0.3046268306283671,0.4998848145144609
928,0.43603622416423754,0.9080120932100835,0.5613025922553155,0.49473434753764073
929,0.41105119491864145,0.9541716539128035,0.7385861344234977,0.49071783246499956
930,0.5096275280671905,0.9970616577994438,0.8711882897961098,0.5647047857913081
931,0.44850797636142575,0.956069860818701,0.658841164215274,0.4994649126226768
932,0.2214811530029626,0.005035011139356287,0.0543738101370059,0.47667950379306995
933,0.4581984369343984,0.9890522057753615,0.49045299665347825,0.4976735328733636
934,0.39782254805305944,0.899735959189497,0.4461574085947222,0.49306834987199616
935,0.37674526885485515,0.06076507317449557,0.14739933060276905,0.49576836486853776
936,0.40020160308018693,0.01687894773120092,0.3008957652773956,0.4954096109916775
937,0.26807519174787137,0.045873558474437276,0.10530066377874879,0.48662574942143766
938,0.45283529672759437,0.9047195136542102,0.6892535771462406,0.500502859220233
939,0.3215346640040003,0.054180208577232866,0.31693687108964314,0.4885564792362442
940,0.3045960783060677,0.00850967079776609,0.08903380721446943,0.4894035481043985
941,0.38349683926429995,0.8937883415047904,0.5146129772998835,0.49241009291970933
942,0.23192071702203532,0.04990104955791272,0.0631836874017354,0.4814004322912449
943,0.4636416117684534,0.9923061202658155,0.781462042805727,0.5012417732125075
944,0.44203517428596234,0.9844248879206755,0.808818713296582,0.5320274924518005
945,0.39992832437911724,0.04263987703203539,0.3536846939752466,0.4967943169799565
946,0.4455058073147577,0.9448071186493727,0.6114442417813458,0.5000054512231937
947,0.4206815202844973,0.95975421817529,0.723086429815152,0.49709316075166843
948,0.47442819342733217,0.9498957824653392,0.6081228228470039,0.4983045497110227
949,0.3128261828086417,0.0029438999989528703,0.2224193818621394,0.44166637908326495
950,0.5006203943918497,0.9953021008858158,0.729608607395139,0.503321724468243
951,0.32186343486447916,0.039924821056948966,0.22857235675257223,0.48601716632382913
952,0.3149600443836447,0.055291880104914544,0.4124754638470915,0.4835677647575001
953,0.3947168749569878,0.8327737708490275,0.7081495036712506,0.4962665566816742
954,0.356431877493828,0.030758714488184666,0.2161627124552691,0.4915836263944198
955,0.44203141365132864,0.9318503976361494,0.5827683122629863,0.4975526917286616
956,0.4133935039202712,0.9060954554419609,0.36255396251826183,0.4945085210561863
957,0.4297955856783242,0.1449739982111491,0.3797219070215368,0.5003134288275409
958,0.3186835113115296,0.022217277743092227,0.24317037830818466,0.4946116320687875
959,0.2006436268658491,0.0005325659958946981,0.05691438621733394,0.4739288500371933
960,0.4617976427768797,0.9075845151191532,0.6962195576992155,0.4988964082333516
961,0.3803362235945286,0.8533643543636141,0.4700117749811504,0.4890072775777144
962,0.4319033676200759,0.8157163124486995,0.741688645189895,0.49881275387419866
963,0.4794782410206128,0.9867493955941344,0.7277428332045828,0.5003131594086699
964,0.3163589316597555,0.025541810106973057,0.37837327499952467,0.490179935429778
965,0.28890528744455096,0.02117047731463742,0.2059378583079065,0.4810798810272109
966,0.3914092517834033,0.070460543097857,0.31582410187199444,0.4996155653714733
967,0.44407272959941124,0.9697835148901869,0.7033177948476943,0.5008002143637261
968,0.3001772041449209,0.01898220202419081,0.19166364000850222,0.4823903681637603
969,0.4455049082203287,0.9821264180506192,0.6233014956555227,0.49908390614260245
970,0.37264552688027064,0.012101961873459691,0.21411520018610194,0.4970066264867105
971,0.23086429285349805,0.0014558958667403776,0.09726978408007132,0.48081198256742713
972,0.36571729163574956,0.037453373979560174,0.19551954950336703,0.49366897384792335
973,0.41339896203016324,0.9066540925033356,0.6126261070072508,0.4970790008697997
974,0.22557914177747612,0.012318925057339366,0.024288154359070613,0.4820618179433352
975,0.2946212949490123,0.017194282214910147,0.12169332873481675,0.4403683528336801
976,0.3984311263615947,0.1373667051567007,0.41017958521309145,0.49755120007830383
977,0.3029913947816934,0.03443831681019884,0.11167819722472028,0.4884346523963982
978,0.4516155530842774,0.9430138068232498,0.6657314047088244,0.500282986380926
979,0.4844338118358481,0.9563228486196733,0.7048304717707421,0.5031656347296553
980,0.40742136687592484,0.8576572368204501,0.6885429358910272,0.491666589095559
981,0.3455692493809376,0.04748692464735467,0.11795732281781889,0.45072313553553023
982,0.47067031101716844,0.9525729137326052,0.7287530652412378,0.4982876468839413
983,0.26403022624794614,0.0004710237068990958,0.08537937138595911,0.48766716396769766
984,0.39792463439265385,0.8785959134227556,0.7003789942614347,0.4949362685442031
985,0.2620119496609594,0.0011814449277431855,0.03943097444945258,0.48165298871154844
986,0.37437333874935547,0.01970825077276407,0.3221300012973504,0.49757274678267427
987,0.33391124596838506,0.02550130293732857,0.13903261762541996,0.4915704544369987
988,0.3561851559144387,0.9590114135786968,0.33009240858372624,0.4999078035326806
989,0.40241426642498623,0.9499755556675223,0.51033454408835,0.49520648954580915
990,0.3501761944218594,0.030987509439329552,0.47831021541768143,0.4964980525661997
991,0.33788939940301416,0.001915804238353104,0.16630686689204555,0.48334035267934694
992,0.3640991324073148,0.08570645320366045,0.3538485193908218,0.49678054562509155
993,0.36750304460248573,0.07833238537802364,0.3860783226891197,0.49503903510965963
994,0.3884022989280877,0.8637456278977313,0.3915379289039496,0.4868020541603372
995,0.3834891511560878,0.9521995264729748,0.5815949382802376,0.4907328569720478
996,0.4446409768112285,0.9004333871123115,0.6533570000756004,0.49995150629874374
